<?xml version="1.0" encoding="UTF-8"?>
<metadata xml:lang="zh"><Esri><CreaDate>20190907</CreaDate><CreaTime>16142200</CreaTime><ArcGISFormat>1.0</ArcGISFormat><SyncOnce>TRUE</SyncOnce><DataProperties><lineage><Process ToolSource="C:\Program Files\ArcGIS\Desktop10.0\ArcToolbox\Toolboxes\Data Management Tools.tbx\Project" Date="20121122" Time="153406">Project E:\GIS操作\道路中线.shp E:\GIS操作\xian80\道路中线.shp PROJCS['Xian_1980_3_Degree_GK_CM_105E',GEOGCS['GCS_Xian_1980',DATUM['D_Xian_1980',SPHEROID['Xian_1980',6378140.0,298.257]],PRIMEM['Greenwich',0.0],UNIT['Degree',0.0174532925199433]],PROJECTION['Gauss_Kruger'],PARAMETER['False_Easting',500000.0],PARAMETER['False_Northing',0.0],PARAMETER['Central_Meridian',105.0],PARAMETER['Scale_Factor',1.0],PARAMETER['Latitude_Of_Origin',0.0],UNIT['Meter',1.0]] wgs84_xian80 GEOGCS['D_WGS_1984',DATUM['D_WGS_1984',SPHEROID['WGS_1984',6378137.0,298.257223563]],PRIMEM['Greenwich',0.0],UNIT['Degree',0.0174532925199433]]</Process><Process ToolSource="C:\Program Files\ArcGIS\Desktop10.0\ArcToolbox\Toolboxes\Data Management Tools.tbx\Project" Date="20130116" Time="142923">Project E:\操作测试2\道路中线.shp "E:\操作测试2\New Folder\道路中线.shp" PROJCS['Xian_1980_3_Degree_GK_CM_105E',GEOGCS['GCS_Xian_1980',DATUM['D_Xian_1980',SPHEROID['Xian_1980',6378140.0,298.257]],PRIMEM['Greenwich',0.0],UNIT['Degree',0.0174532925199433]],PROJECTION['Gauss_Kruger'],PARAMETER['False_Easting',500000.0],PARAMETER['False_Northing',0.0],PARAMETER['Central_Meridian',105.0],PARAMETER['Scale_Factor',1.0],PARAMETER['Latitude_Of_Origin',0.0],UNIT['Meter',1.0]] # PROJCS['Xian_1980_3_Degree_GK_CM_105E',GEOGCS['GCS_Xian_1980',DATUM['D_Xian_1980',SPHEROID['Xian_1980',6378140.0,298.257]],PRIMEM['Greenwich',0.0],UNIT['Degree',0.0174532925199433]],PROJECTION['Gauss_Kruger'],PARAMETER['False_Easting',500000.0],PARAMETER['False_Northing',0.0],PARAMETER['Central_Meridian',105.0],PARAMETER['Scale_Factor',1.0],PARAMETER['Latitude_Of_Origin',0.0],UNIT['Meter',1.0]]</Process></lineage><itemProps><itemLocation><linkage Sync="TRUE">file://\\DESKTOP-2DDGSCC\D$\道路中线</linkage><protocol Sync="TRUE">Local Area Network</protocol></itemLocation></itemProps><copyHistory><copy source="D:\shpdata\testData\道路中线" dest="\\DESKTOP-2DDGSCC\D$\道路中线" date="20190907" time="16142200"></copy></copyHistory></DataProperties></Esri></metadata>
