<?xml version="1.0" encoding="UTF-8"?>
<metadata xml:lang="zh"><Esri><CreaDate>20190907</CreaDate><CreaTime>16114200</CreaTime><ArcGISFormat>1.0</ArcGISFormat><SyncOnce>TRUE</SyncOnce><DataProperties><itemProps><itemLocation><linkage Sync="TRUE">file://\\DESKTOP-2DDGSCC\D$\XZDW复制</linkage><protocol Sync="TRUE">Local Area Network</protocol></itemLocation></itemProps><copyHistory><copy source="D:\shpdata\paperTest\XZDW复制" dest="\\DESKTOP-2DDGSCC\D$\XZDW复制" date="20190907" time="16114200"></copy></copyHistory></DataProperties></Esri></metadata>
